"","x"
"1","HiC_scaffold_10:6498994_C"
"2","HiC_scaffold_10:7034519_C"
"3","HiC_scaffold_10:8837307_C"
"4","HiC_scaffold_10:9284477_T"
"5","HiC_scaffold_10:11485757_A"
"6","HiC_scaffold_10:14745241_G"
"7","HiC_scaffold_10:15880288_G"
"8","HiC_scaffold_10:22327125_A"
"9","HiC_scaffold_10:23477023_C"
"10","HiC_scaffold_10:23810083_G"
"11","HiC_scaffold_10:24463337_C"
"12","HiC_scaffold_10:25063184_A"
"13","HiC_scaffold_10:25290262_T"
"14","HiC_scaffold_10:25476602_C"
"15","HiC_scaffold_10:26932669_A"
"16","HiC_scaffold_10:27297441_A"
"17","HiC_scaffold_10:28767051_A"
"18","HiC_scaffold_10:29881797_C"
"19","HiC_scaffold_10:30425602_T"
"20","HiC_scaffold_10:30494126_C"
"21","HiC_scaffold_10:32122081_G"
"22","HiC_scaffold_10:33727921_C"
"23","HiC_scaffold_10:37336632_T"
"24","HiC_scaffold_13:2249404_G"
"25","HiC_scaffold_13:3778114_C"
"26","HiC_scaffold_13:6095197_C"
"27","HiC_scaffold_13:8677450_G"
"28","HiC_scaffold_13:11077127_C"
"29","HiC_scaffold_13:11089805_G"
"30","HiC_scaffold_13:11759785_T"
"31","HiC_scaffold_13:13870093_T"
"32","HiC_scaffold_13:18443199_C"
"33","HiC_scaffold_13:19097797_T"
"34","HiC_scaffold_13:20027997_A"
"35","HiC_scaffold_13:20099412_C"
"36","HiC_scaffold_13:21766977_G"
"37","HiC_scaffold_13:22745573_T"
"38","HiC_scaffold_13:25036726_A"
"39","HiC_scaffold_21:9359390_A"
"40","HiC_scaffold_21:10692645_G"
"41","HiC_scaffold_21:10712399_T"
"42","HiC_scaffold_21:12987315_T"
"43","HiC_scaffold_21:13537139_T"
"44","HiC_scaffold_21:17050767_A"
"45","HiC_scaffold_21:17138256_T"
"46","HiC_scaffold_21:17615415_A"
"47","HiC_scaffold_21:20161467_A"
"48","HiC_scaffold_21:20312664_T"
"49","HiC_scaffold_21:22616213_A"
"50","HiC_scaffold_21:25015691_C"
"51","HiC_scaffold_21:25273899_A"
"52","HiC_scaffold_21:27864279_T"
"53","HiC_scaffold_21:31518371_T"
"54","HiC_scaffold_21:35482845_A"
"55","HiC_scaffold_21:35734680_A"
"56","HiC_scaffold_21:38435639_C"
"57","HiC_scaffold_23:7867951_T"
"58","HiC_scaffold_23:9647650_A"
"59","HiC_scaffold_23:10126364_A"
"60","HiC_scaffold_23:10492120_T"
"61","HiC_scaffold_23:10654489_A"
"62","HiC_scaffold_23:11525981_A"
"63","HiC_scaffold_23:11667541_A"
"64","HiC_scaffold_23:12288211_C"
"65","HiC_scaffold_25:3268713_T"
"66","HiC_scaffold_25:7399455_A"
"67","HiC_scaffold_25:7800693_C"
"68","HiC_scaffold_25:8559736_A"
"69","HiC_scaffold_25:9011600_G"
"70","HiC_scaffold_25:9083057_G"
"71","HiC_scaffold_25:9585895_C"
"72","HiC_scaffold_25:9602604_A"
"73","HiC_scaffold_25:9628795_T"
"74","HiC_scaffold_25:11112882_T"
"75","HiC_scaffold_25:13104249_A"
"76","HiC_scaffold_25:14739465_C"
"77","HiC_scaffold_25:15626351_T"
"78","HiC_scaffold_25:16767204_C"
"79","HiC_scaffold_25:20951246_C"
"80","HiC_scaffold_25:22457909_C"
"81","HiC_scaffold_25:23897510_T"
"82","HiC_scaffold_25:26268468_T"
"83","HiC_scaffold_25:26765173_T"
"84","HiC_scaffold_25:26788215_C"
"85","HiC_scaffold_25:26887519_C"
"86","HiC_scaffold_25:27157656_C"
"87","HiC_scaffold_25:33362125_C"
"88","HiC_scaffold_25:33602551_C"
"89","HiC_scaffold_25:35259670_G"
"90","HiC_scaffold_25:38339843_C"
"91","HiC_scaffold_25:41455199_C"
"92","HiC_scaffold_25:41939351_A"
"93","HiC_scaffold_26:5272512_A"
"94","HiC_scaffold_26:8839227_T"
"95","HiC_scaffold_26:10621687_C"
"96","HiC_scaffold_26:11360113_C"
"97","HiC_scaffold_26:14062846_A"
"98","HiC_scaffold_26:16411659_T"
"99","HiC_scaffold_26:20596051_C"
"100","HiC_scaffold_26:21101501_A"
"101","HiC_scaffold_26:21314992_C"
"102","HiC_scaffold_26:23440544_A"
"103","HiC_scaffold_26:24697364_C"
"104","HiC_scaffold_26:24989723_T"
"105","HiC_scaffold_26:29945495_C"
"106","HiC_scaffold_26:30256927_G"
"107","HiC_scaffold_26:30260647_G"
"108","HiC_scaffold_26:30612649_G"
"109","HiC_scaffold_26:31314607_T"
"110","HiC_scaffold_26:31876678_A"
"111","HiC_scaffold_26:39430287_C"
"112","HiC_scaffold_28:3122461_A"
"113","HiC_scaffold_28:8314778_C"
"114","HiC_scaffold_28:10170935_C"
"115","HiC_scaffold_28:10942359_A"
"116","HiC_scaffold_28:12096753_A"
"117","HiC_scaffold_28:13657448_C"
"118","HiC_scaffold_28:17293679_T"
"119","HiC_scaffold_28:18945250_T"
"120","HiC_scaffold_28:18980585_G"
"121","HiC_scaffold_28:19084514_A"
"122","HiC_scaffold_28:19421984_A"
"123","HiC_scaffold_28:19754450_A"
"124","HiC_scaffold_28:20010276_T"
"125","HiC_scaffold_28:21561719_G"
"126","HiC_scaffold_28:21596868_A"
"127","HiC_scaffold_28:24629024_C"
"128","HiC_scaffold_28:24806381_G"
"129","HiC_scaffold_28:26747944_G"
"130","HiC_scaffold_30:4989451_A"
"131","HiC_scaffold_30:5672842_C"
"132","HiC_scaffold_30:6327307_T"
"133","HiC_scaffold_30:8152327_T"
"134","HiC_scaffold_30:10723014_A"
"135","HiC_scaffold_30:19631912_A"
"136","HiC_scaffold_30:22365355_A"
"137","HiC_scaffold_30:29289641_C"
"138","HiC_scaffold_30:29310085_C"
"139","HiC_scaffold_30:30928913_T"
"140","HiC_scaffold_30:31405936_A"
"141","HiC_scaffold_30:34092889_T"
"142","HiC_scaffold_30:34282642_G"
"143","HiC_scaffold_31:4898680_G"
"144","HiC_scaffold_31:6327505_C"
"145","HiC_scaffold_31:7653465_A"
"146","HiC_scaffold_31:8665832_T"
"147","HiC_scaffold_31:10222893_G"
"148","HiC_scaffold_31:11402708_G"
"149","HiC_scaffold_31:11456721_C"
"150","HiC_scaffold_31:12168442_A"
"151","HiC_scaffold_31:12608883_C"
"152","HiC_scaffold_31:13343307_C"
"153","HiC_scaffold_31:18055629_T"
"154","HiC_scaffold_31:18517489_C"
"155","HiC_scaffold_31:29700923_G"
"156","HiC_scaffold_31:30290880_T"
"157","HiC_scaffold_31:31171480_G"
"158","HiC_scaffold_31:33416101_A"
"159","HiC_scaffold_31:35002114_A"
"160","HiC_scaffold_31:35506953_T"
"161","HiC_scaffold_31:36248525_T"
"162","HiC_scaffold_31:37302987_A"
"163","HiC_scaffold_32:684228_T"
"164","HiC_scaffold_32:3895448_T"
"165","HiC_scaffold_32:5617106_A"
"166","HiC_scaffold_32:8958467_T"
"167","HiC_scaffold_32:9485325_A"
"168","HiC_scaffold_32:9487046_C"
"169","HiC_scaffold_32:10733753_A"
"170","HiC_scaffold_32:10818769_G"
"171","HiC_scaffold_32:16625266_G"
"172","HiC_scaffold_32:19419959_T"
"173","HiC_scaffold_32:20937478_T"
"174","HiC_scaffold_32:22243178_C"
"175","HiC_scaffold_32:26743225_A"
"176","HiC_scaffold_32:26938278_A"
"177","HiC_scaffold_34:8555106_G"
"178","HiC_scaffold_34:9029077_C"
"179","HiC_scaffold_34:10051344_T"
"180","HiC_scaffold_34:11803814_G"
"181","HiC_scaffold_34:11904961_A"
"182","HiC_scaffold_34:14220970_G"
"183","HiC_scaffold_34:15591041_A"
"184","HiC_scaffold_34:17687692_A"
"185","HiC_scaffold_34:17765342_G"
"186","HiC_scaffold_34:18385270_T"
"187","HiC_scaffold_34:19355668_C"
"188","HiC_scaffold_34:20559377_G"
"189","HiC_scaffold_34:26866273_C"
"190","HiC_scaffold_34:27567255_C"
"191","HiC_scaffold_34:28478396_A"
"192","HiC_scaffold_34:28563682_T"
"193","HiC_scaffold_35:2696797_T"
"194","HiC_scaffold_35:7357708_A"
"195","HiC_scaffold_35:8163737_T"
"196","HiC_scaffold_35:8791100_G"
"197","HiC_scaffold_35:9230537_A"
"198","HiC_scaffold_35:9344356_T"
"199","HiC_scaffold_35:12452994_C"
"200","HiC_scaffold_35:12543639_G"
"201","HiC_scaffold_35:14183089_A"
"202","HiC_scaffold_35:19351999_A"
"203","HiC_scaffold_35:20987588_T"
"204","HiC_scaffold_35:23587741_G"
"205","HiC_scaffold_35:25210121_T"
"206","HiC_scaffold_35:25257512_T"
"207","HiC_scaffold_35:28171749_G"
"208","HiC_scaffold_35:29036069_C"
"209","HiC_scaffold_35:31197276_A"
"210","HiC_scaffold_35:31330911_C"
"211","HiC_scaffold_35:39609053_G"
"212","HiC_scaffold_35:39609176_T"
"213","HiC_scaffold_41:3504880_T"
"214","HiC_scaffold_41:3567806_T"
"215","HiC_scaffold_41:6037916_T"
"216","HiC_scaffold_41:7087506_A"
"217","HiC_scaffold_41:8624530_T"
"218","HiC_scaffold_41:10766130_G"
"219","HiC_scaffold_41:11402351_G"
"220","HiC_scaffold_41:12599454_T"
"221","HiC_scaffold_41:19509276_G"
"222","HiC_scaffold_41:20316415_G"
"223","HiC_scaffold_41:20927281_C"
"224","HiC_scaffold_41:23175655_T"
"225","HiC_scaffold_41:25093828_A"
"226","HiC_scaffold_41:26720824_C"
"227","HiC_scaffold_41:28122242_T"
"228","HiC_scaffold_41:34487971_T"
"229","HiC_scaffold_4:4209405_A"
"230","HiC_scaffold_4:9136513_A"
"231","HiC_scaffold_4:10355282_C"
"232","HiC_scaffold_4:11310984_G"
"233","HiC_scaffold_4:12073773_A"
"234","HiC_scaffold_4:12222323_A"
"235","HiC_scaffold_4:13106288_G"
"236","HiC_scaffold_4:14936791_T"
"237","HiC_scaffold_4:17067161_G"
"238","HiC_scaffold_4:17220034_C"
"239","HiC_scaffold_4:19175911_T"
"240","HiC_scaffold_4:19731606_T"
"241","HiC_scaffold_4:19737892_G"
"242","HiC_scaffold_4:19818959_T"
"243","HiC_scaffold_4:21600416_C"
"244","HiC_scaffold_4:22566231_C"
"245","HiC_scaffold_4:23744158_G"
"246","HiC_scaffold_4:26414816_T"
"247","HiC_scaffold_4:26712460_C"
"248","HiC_scaffold_4:26894729_G"
"249","HiC_scaffold_54:2444878_C"
"250","HiC_scaffold_54:2991524_A"
"251","HiC_scaffold_58:2532750_A"
"252","HiC_scaffold_6:4140891_A"
"253","HiC_scaffold_6:4282218_G"
"254","HiC_scaffold_6:4956477_T"
"255","HiC_scaffold_6:6761616_T"
"256","HiC_scaffold_6:8343619_G"
"257","HiC_scaffold_6:8460919_T"
"258","HiC_scaffold_6:9157433_G"
"259","HiC_scaffold_6:12583216_G"
"260","HiC_scaffold_6:13865251_T"
"261","HiC_scaffold_6:15336923_G"
"262","HiC_scaffold_6:18057202_A"
"263","HiC_scaffold_6:19700231_T"
"264","HiC_scaffold_6:20372892_C"
"265","HiC_scaffold_6:20715196_A"
"266","HiC_scaffold_6:28511579_A"
"267","HiC_scaffold_6:30856634_T"
"268","HiC_scaffold_6:30968840_A"
"269","HiC_scaffold_6:32494870_G"
"270","HiC_scaffold_6:33795031_C"
"271","HiC_scaffold_6:34303161_G"
"272","HiC_scaffold_8:6379607_A"
"273","HiC_scaffold_8:7231568_A"
"274","HiC_scaffold_8:7812291_T"
"275","HiC_scaffold_8:9265044_A"
"276","HiC_scaffold_8:9310609_T"
"277","HiC_scaffold_8:16228456_G"
"278","HiC_scaffold_8:16676691_C"
"279","HiC_scaffold_8:19590661_G"
"280","HiC_scaffold_8:21082994_G"
"281","HiC_scaffold_8:21142685_C"
"282","HiC_scaffold_8:24332307_G"
"283","HiC_scaffold_8:24603629_G"
"284","HiC_scaffold_8:25947561_A"
"285","HiC_scaffold_8:26410904_T"
"286","HiC_scaffold_8:31568370_A"
"287","HiC_scaffold_8:31971976_T"
"288","HiC_scaffold_11:5147809_C"
"289","HiC_scaffold_11:6443947_C"
"290","HiC_scaffold_11:10516954_C"
"291","HiC_scaffold_11:12402885_A"
"292","HiC_scaffold_11:12591982_G"
"293","HiC_scaffold_11:14141082_A"
"294","HiC_scaffold_11:17508342_G"
"295","HiC_scaffold_11:18047420_G"
"296","HiC_scaffold_11:19074822_C"
"297","HiC_scaffold_11:20746432_C"
"298","HiC_scaffold_11:22258831_C"
"299","HiC_scaffold_11:23342846_A"
"300","HiC_scaffold_11:24577044_C"
"301","HiC_scaffold_11:31553344_C"
"302","HiC_scaffold_1:1000603_A"
"303","HiC_scaffold_1:5250006_A"
"304","HiC_scaffold_1:6552591_A"
"305","HiC_scaffold_1:8300969_A"
"306","HiC_scaffold_1:8965881_G"
"307","HiC_scaffold_1:10413494_T"
"308","HiC_scaffold_1:10766325_C"
"309","HiC_scaffold_1:11702887_A"
"310","HiC_scaffold_1:13329857_C"
"311","HiC_scaffold_1:15276307_C"
"312","HiC_scaffold_1:17626045_G"
"313","HiC_scaffold_1:17934409_G"
"314","HiC_scaffold_1:18225234_T"
"315","HiC_scaffold_1:20434374_T"
"316","HiC_scaffold_1:21022653_A"
"317","HiC_scaffold_1:25382043_C"
"318","HiC_scaffold_1:25529617_G"
"319","HiC_scaffold_1:27102522_A"
"320","HiC_scaffold_1:28803369_T"
"321","HiC_scaffold_1:29021556_C"
"322","HiC_scaffold_1:30653472_T"
"323","HiC_scaffold_1:38643288_A"
"324","HiC_scaffold_1:39442290_A"
"325","HiC_scaffold_22:2323210_T"
"326","HiC_scaffold_22:2869677_C"
"327","HiC_scaffold_22:7057359_A"
"328","HiC_scaffold_22:13762724_A"
"329","HiC_scaffold_22:17300001_G"
"330","HiC_scaffold_22:18631230_T"
"331","HiC_scaffold_22:18755204_T"
"332","HiC_scaffold_22:23250973_C"
"333","HiC_scaffold_22:26129542_A"
"334","HiC_scaffold_22:28736956_T"
"335","HiC_scaffold_22:29676584_C"
"336","HiC_scaffold_22:30831865_C"
"337","HiC_scaffold_22:34482360_C"
"338","HiC_scaffold_22:34562325_G"
"339","HiC_scaffold_22:36345093_T"
"340","HiC_scaffold_24:2161957_T"
"341","HiC_scaffold_24:6855039_T"
"342","HiC_scaffold_24:7226323_T"
"343","HiC_scaffold_24:7896277_A"
"344","HiC_scaffold_24:8789795_G"
"345","HiC_scaffold_24:10258754_A"
"346","HiC_scaffold_24:11824153_G"
"347","HiC_scaffold_24:13500607_A"
"348","HiC_scaffold_24:20117438_C"
"349","HiC_scaffold_33:4091175_A"
"350","HiC_scaffold_33:4695165_A"
"351","HiC_scaffold_33:4767559_C"
"352","HiC_scaffold_33:5304158_T"
"353","HiC_scaffold_33:7303179_G"
"354","HiC_scaffold_33:8072461_T"
"355","HiC_scaffold_33:8147649_G"
"356","HiC_scaffold_33:9229229_A"
"357","HiC_scaffold_33:10940987_T"
"358","HiC_scaffold_33:11842671_A"
"359","HiC_scaffold_33:17067658_G"
"360","HiC_scaffold_33:18151431_G"
"361","HiC_scaffold_33:19181601_T"
"362","HiC_scaffold_33:20007350_G"
"363","HiC_scaffold_33:20152594_C"
"364","HiC_scaffold_33:20938615_C"
"365","HiC_scaffold_33:20938618_T"
"366","HiC_scaffold_33:21714504_C"
"367","HiC_scaffold_33:22597582_T"
"368","HiC_scaffold_33:23200048_T"
"369","HiC_scaffold_38:9496310_T"
"370","HiC_scaffold_38:11531828_A"
"371","HiC_scaffold_38:12891515_T"
"372","HiC_scaffold_38:13254680_G"
"373","HiC_scaffold_38:13573645_C"
"374","HiC_scaffold_38:14356077_G"
"375","HiC_scaffold_38:17641536_A"
"376","HiC_scaffold_38:18992770_G"
"377","HiC_scaffold_38:27782609_C"
"378","HiC_scaffold_38:28714190_T"
"379","HiC_scaffold_38:32697156_A"
"380","HiC_scaffold_38:39586803_C"
"381","HiC_scaffold_3:6915224_A"
"382","HiC_scaffold_3:9394189_C"
"383","HiC_scaffold_3:11319286_C"
"384","HiC_scaffold_3:13646338_C"
"385","HiC_scaffold_3:13786903_C"
"386","HiC_scaffold_3:14238435_T"
"387","HiC_scaffold_3:19018466_T"
"388","HiC_scaffold_3:19204851_A"
"389","HiC_scaffold_3:19487021_A"
"390","HiC_scaffold_3:21102297_A"
"391","HiC_scaffold_3:21247151_T"
"392","HiC_scaffold_3:23454324_C"
"393","HiC_scaffold_3:23949380_T"
"394","HiC_scaffold_3:25779297_T"
"395","HiC_scaffold_3:26198242_A"
"396","HiC_scaffold_3:26616434_G"
"397","HiC_scaffold_3:29776591_G"
"398","HiC_scaffold_5:5977482_C"
"399","HiC_scaffold_5:9778425_T"
"400","HiC_scaffold_5:10037362_A"
"401","HiC_scaffold_5:11943451_C"
"402","HiC_scaffold_5:12589277_A"
"403","HiC_scaffold_5:13027402_T"
"404","HiC_scaffold_5:14326020_T"
"405","HiC_scaffold_5:16862442_G"
"406","HiC_scaffold_5:18815803_A"
"407","HiC_scaffold_5:19517334_T"
"408","HiC_scaffold_5:24007346_A"
"409","HiC_scaffold_5:24031095_C"
"410","HiC_scaffold_5:27855740_G"
"411","HiC_scaffold_5:30887027_T"
"412","HiC_scaffold_5:32931314_G"
"413","HiC_scaffold_5:32985385_C"
"414","HiC_scaffold_5:34279513_C"
"415","HiC_scaffold_5:35156155_T"
"416","HiC_scaffold_5:35679995_C"
"417","HiC_scaffold_5:36285327_T"
"418","HiC_scaffold_5:36478325_G"
"419","HiC_scaffold_5:37589323_C"
"420","HiC_scaffold_5:38383850_A"
"421","HiC_scaffold_5:41349311_G"
"422","HiC_scaffold_5:41813259_G"
"423","HiC_scaffold_53:489792_G"
"424","HiC_scaffold_97:820460_T"
"425","HiC_scaffold_126:545632_C"
"426","HiC_scaffold_146:356456_A"
"427","HiC_scaffold_1090:92422_T"
"428","HiC_scaffold_1091:266305_G"
